{
  "encoded-no-outliers-v1": {
    "params": {
      "alpha": 0.03170053864996126,
      "colsample_bytree": 0.9234846177641767,
      "early_stopping_rounds": 12,
      "gamma": 0.19098598186699345,
      "learning_rate": 0.09135624516842604,
      "min_child_weight": 10,
      "subsample": 0.6074058327882652
    },
    "model": "encoded-no-outliers-v1.pkl",
    "objfunc": -17157.992073074056,
    "mean_test_score": -17654.25881042802,
    "std_test_score": 1918.7154800514006,
    "final_eval_rmse": 18459.371794654424
  }
}
